Time,Learning rate,Train loss,Validation loss,MAE_band_gap
251.2154779434204,0.0001,23.511334381103516,13.528966583251954,2.154505554199219
471.48175382614136,0.0001,9.316936308670044,9.24163648223877,1.8520732879638673
707.9185080528259,0.0001,6.331500359630585,6.7870843200683595,1.6046575241088867
924.9463319778442,0.0001,4.802438976287842,5.4741722717285155,1.4668068771362304
1159.732932806015,0.0001,4.069511666107178,4.7397980232238766,1.3810812606811524
